"Time  [h]","Conc  [mg/l]"
0.33,0.1131145
1,0.04126355
2,0.03366254
4,0.02306791
6,0.01662851
8,0.012612
10,0.00999078
12,0.006554468
24,0.001484776
